	'aamudotedu':'Alabama A&M University',
	'abdotedu':'Alderson Broaddus University',
	'acudotedu':'Abilene Christian University',
	'adelphidotedu':'Adelphi University',
	'aicdotedu':'American International College',
	'alaskadotedu':'University of Alaska System',
	'alasudotedu':'Alabama State University',
	'albanydotedu':'University at Albany',
	'albiondotedu':'Albion College',
	'alfreddotedu':'Alfred University',
	'allencoldotedu':'DeSales University',
	'almadotedu':'Alma College',
	'alvernodotedu':'Alverno College',
	'ambassadordotedu':'Ambassador College & University',
	'americandotedu':'American University Washington D.C.',
	'amherstdotedu':'Amherst College',
	'andrewsdotedu':'Andrews University',
	'angelodotedu':'Angelo State University',
	'anselmdotedu':'Saint Anselm College',
	'antiochdotedu':'Antioch University',
	'antiochladotedu':'Antioch University Los Angeles',
	'antiochnedotedu':'Antioch University New England',
	'appstatedotedu':'Appalachian State University',
	'apsudotedu':'Austin Peay State University',
	'apudotedu':'Azusa Pacific University',
	'aquinasdotedu':'Aquinas College',
	'arbordotedu':'Spring Arbor University',
	'arcadiadotedu':'Arcadia University',
	'arizonadotedu':'The University of Arizona',
	'armstrongdotedu':'Armstrong State University',
	'articdotedu':'The Art Institute of Chicago',
	'ashlanddotedu':'Ashland University',
	'ashworthcollegedotedu':'Ashworth College',
	'assumptiondotedu':'Assumption College',
	'astatedotedu':'Arkansas State University',
	'asudotedu':'Arizona State University',
	'atudotedu':'Arkansas Tech University',
	'auburndotedu':'Auburn University',
	'aucdotedu':'Atlantic Union College',
	'augiedotedu':'Augustana College',
	'augsburgdotedu':'Augsburg College',
	'augustanadotedu':'Augustana College',
	'aumdotedu':'Auburn University at Montgomery',
	'auroradotedu':'Aurora University',
	'averettdotedu':'Averett University',
	'aviladotedu':'Avila University',
	'babsondotedu':'Babson College',
	'bakerdotedu':'Baker College',
	'bakerudotedu':'Baker University',
	'barddotedu':'Bard College',
	'barrydotedu':'Barry University',
	'bastyrdotedu':'Bastyr University',
	'batesdotedu':'Bates College',
	'baylordotedu':'Baylor University',
	'bbcdotedu':'Baptist Bible College & Seminary',
	'bcdotedu':'Boston College',
	'bcmdotedu':'Baylor College of Medicine',
	'beaverdotedu':'Arcadia University',
	'belmontdotedu':'Belmont University',
	'beloitdotedu':'Beloit College',
	'bendotedu':'Benedictine University',
	'benedictinedotedu':'Benedictine College',
	'benningtondotedu':'Bennington College',
	'bentleydotedu':'Bentley University',
	'bereadotedu':'Berea College',
	'berkeleydotedu':'University of California, Berkeley',
	'berkleedotedu':'Berklee College of Music',
	'bethanydotedu':'Bethany University',
	'betheldotedu':'Bethel University Minnesota',
	'bethelksdotedu':'Bethel College',
	'bgspdotedu':'Boston Graduate School of Psychoanalysis',
	'bgsudotedu':'Bowling Green State University',
	'bgudotedu':'Bakke Graduate University',
	'bhsudotedu':'Black Hills State University',
	'binghamtondotedu':'Binghamton University',
	'bioladotedu':'Biola University',
	'bjudotedu':'Bob Jones University',
	'bloomudotedu':'Bloomsburg University of Pennsylvania',
	'bluefieldstatedotedu':'Bluefield State College',
	'blufftondotedu':'Bluffton University',
	'bowdoindotedu':'Bowdoin College',
	'bradleydotedu':'Bradley University',
	'brandeisdotedu':'Brandeis University',
	'brenaudotedu':'Brenau University',
	'bridgemontdotedu':'Bridgemont Community & Technical College',
	'bridgeportdotedu':'University of Bridgeport',
	'bridgewaterdotedu':'Bridgewater College',
	'brockportdotedu':'The College at Brockport',
	'browndotedu':'Brown University',
	'bryantdotedu':'Bryant University',
	'brynmawrdotedu':'Bryn Mawr College',
	'bscdotedu':'Birmingham-Southern College',
	'bsudotedu':'Ball State University',
	'budotedu':'Boston University',
	'bucknelldotedu':'Bucknell University',
	'buffalodotedu':'University at Buffalo',
	'butlerdotedu':'Butler University',
	'bvudotedu':'Buena Vista University',
	'byudotedu':'Brigham Young University Provo',
	'byuhdotedu':'Brigham Young University Hawaii',
	'byuidotedu':'Brigham Young University Idaho',
	'callutherandotedu':'California Lutheran University',
	'calpolydotedu':'California Polytechnic State University',
	'calstatedotedu':'The California State University',
	'calstateladotedu':'California State University, Los Angeles',
	'caltechdotedu':'Caltech',
	'caludotedu':'California University of Pennsylvania',
	'calvindotedu':'Calvin College',
	'camerondotedu':'Cameron University',
	'campbelldotedu':'Campbell University',
	'canisiusdotedu':'Canisius College',
	'carletondotedu':'Carleton College',
	'carlowdotedu':'Carlow University',
	'carrolldotedu':'Carroll College',
	'carthagedotedu':'Carthage College',
	'cbudotedu':'Christian Brothers University',
	'ccdotedu':'Carrington College',
	'ccudotedu':'Colorado Christian University',
	'cedarvilledotedu':'Cedarville University',
	'centenarydotedu':'Centenary College of Louisiana',
	'centraldotedu':'Central College',
	'centredotedu':'Centre College',
	'champlaindotedu':'Champlain College',
	'chapmandotedu':'Chapman University',
	'chathamdotedu':'Chatham University',
	'chesapeakedotedu':'Chesapeake College',
	'cheyneydotedu':'Cheyney University of Pennsylvania',
	'citadeldotedu':'The Citadel',
	'cityudotedu':'City University of Seattle',
	'clariondotedu':'Clarion University of Pennsylvania',
	'clarkedotedu':'Clarke University',
	'clarksondotedu':'Clarkson University',
	'clarkudotedu':'Clark University',
	'clemsondotedu':'Clemson University, South Carolina',
	'cmcdotedu':'Claremont McKenna College',
	'cmichdotedu':'Central Michigan University',
	'cmudotedu':'Carnegie Mellon University',
	'cndotedu':'Carson-Newman University',
	'cnudotedu':'Christopher Newport University',
	'cnuasdotedu':'California National University',
	'coadotedu':'College of the Atlantic',
	'coastaldotedu':'Coastal Carolina University',
	'cobleskilldotedu':'State University of New York Cobleskill',
	'coedotedu':'Coe College',
	'cofcdotedu':'College of Charleston',
	'cokerdotedu':'Coker College',
	'colbydotedu':'Colby College',
	'colgatedotedu':'Colgate University',
	'coloradodotedu':'University of Colorado Boulder',
	'colostatedotedu':'Colorado State University',
	'colsouthdotedu':'Columbia Southern University',
	'columdotedu':'Columbia College Chicago',
	'columbiadotedu':'Columbia University in the City of New York',
	'concorddotedu':'Concord University',
	'conncolldotedu':'Connecticut College',
	'cooperdotedu':'Cooper Union',
	'corddotedu':'Concordia College',
	'cornelldotedu':'Cornell University',
	'cornellcollegedotedu':'Cornell College',
	'cortlanddotedu':'State University of New York Cortland',
	'creightondotedu':'Creighton University',
	'crkdotumndotedu':'University of Minnesota, Crookston',
	'csbsjudotedu':'College of Saint Benedict & Saint John\'s University',
	'cscdotedu':'Chadron State College',
	'cscdotvscdotedu':'Castleton State College of Vermont',
	'cspdotedu':'Concordia University, St. Paul',
	'cssdotedu':'The College of St. Scholastica',
	'csuchicodotedu':'California State University, Chico',
	'csudhdotedu':'California State University, Dominguez Hills',
	'csueastbaydotedu':'California State University, East Bay',
	'csufresnodotedu':'California State University, Fresno',
	'csuhaywarddotedu':'California State University, East Bay',
	'csulbdotedu':'California State University, Long Beach',
	'csumbdotedu':'California State University, Monterey Bay',
	'csundotedu':'California State University, Northridge',
	'csuohiodotedu':'Cleveland State University',
	'csupomonadotedu':'California State Polytechnic University, Pomona',
	'csusdotedu':'California State University, Sacramento',
	'csusbdotedu':'California State University, San Bernardino',
	'csusmdotedu':'California State University, San Marcos',
	'csustandotedu':'California State University Stanislaus',
	'ctsdotedu':'Christian Theological Seminary',
	'cuadotedu':'The Catholic University of America',
	'cunydotedu':'The City University of New York',
	'currydotedu':'Curry College',
	'cwrudotedu':'Case Western Reserve University',
	'cwudotedu':'Central Washington University',
	'ddotumndotedu':'University of Minnesota Duluth',
	'daemendotedu':'Daemen College',
	'dartmouthdotedu':'Dartmouth College',
	'davenportdotedu':'Davenport University',
	'davidsondotedu':'Davidson College',
	'dbqdotedu':'University of Dubuque',
	'dbudotedu':'Dallas Baptist University',
	'deltastatedotedu':'Delta State University',
	'denisondotedu':'Denison University',
	'depauldotedu':'DePaul University',
	'depauwdotedu':'DePauw University',
	'desalesdotedu':'DeSales University',
	'devrydotedu':'DeVry University',
	'dickinsondotedu':'Dickinson College',
	'dillarddotedu':'Dillard University',
	'dixiedotedu':'Dixie State University',
	'dominicandotedu':'Dominican University of California',
	'dordtdotedu':'Dordt College',
	'dowlingdotedu':'Dowling College Long Island',
	'drakedotedu':'Drake University',
	'drewdotedu':'Drew University',
	'drexeldotedu':'Drexel University',
	'drurydotedu':'Drury University',
	'dsudotedu':'Dakota State University',
	'dudotedu':'University of Denver',
	'dukedotedu':'Duke University',
	'duqdotedu':'Duquesne University',
	'dwcdotedu':'Daniel Webster College',
	'dwudotedu':'Dakota Wesleyan University',
	'earlhamdotedu':'Earlham College',
	'easternwvdotedu':'Eastern West Virginia Community & Technical College',
	'ecokdotedu':'East Central University',
	'ecsudotedu':'Elizabeth City State University',
	'ecudotedu':'East Carolina University',
	'edgewooddotedu':'Edgewood College',
	'edinborodotedu':'Edinboro University',
	'eiudotedu':'Eastern Illinois University',
	'ekudotedu':'Eastern Kentucky University',
	'elmhurstdotedu':'Elmhurst College',
	'elondotedu':'Elon University',
	'emersondotedu':'Emerson College',
	'emichdotedu':'Eastern Michigan University',
	'emmanueldotedu':'Emmanuel College',
	'emorydotedu':'Emory University',
	'emporiadotedu':'Emporia State University',
	'emudotedu':'Eastern Mennonite University',
	'enmudotedu':'Eastern New Mexico University',
	'eraudotedu':'Embry-Riddle Aeronautical University',
	'esfdotedu':'State University of New York College of Environmental Science and Forestry',
	'esudotedu':'East Stroudsburg University',
	'etowndotedu':'Elizabethtown College',
	'etsudotedu':'East Tennessee State University',
	'evansvilledotedu':'University of Evansville',
	'evergreendotedu':'The Evergreen State College',
	'ewudotedu':'Eastern Washington University',
	'fairmontstatedotedu':'Fairmont State University',
	'famudotedu':'Florida Agricultural and Mechanical University',
	'fandmdotedu':'Franklin & Marshall College',
	'farmingdaledotedu':'Farmingdale State College',
	'faudotedu':'Florida Atlantic University',
	'fdudotedu':'Fairleigh Dickinson University',
	'ferrisdotedu':'Ferris State University',
	'fgcudotedu':'Florida Gulf Coast University',
	'fhsudotedu':'Fort Hays State University',
	'fieldingdotedu':'Fielding Graduate University',
	'fiskdotedu':'Fisk University',
	'fitdotedu':'Florida Institute of Technology',
	'fiudotedu':'Florida International University',
	'fontbonnedotedu':'Fontbonne University',
	'fordhamdotedu':'Fordham University',
	'fortlewisdotedu':'Fort Lewis College',
	'franklindotedu':'Franklin University',
	'fredoniadotedu':'Fredonia State University of New York',
	'fresnodotedu':'Fresno Pacific University',
	'friendsdotedu':'Friends University',
	'fsudotedu':'Florida State University',
	'fullerdotedu':'Fuller Theological Seminary',
	'fullertondotedu':'California State University, Fullerton',
	'furmandotedu':'Furman University',
	'gacdotedu':'Gustavus Adolphus College',
	'gallaudetdotedu':'Gallaudet University',
	'gannondotedu':'Gannon University',
	'gatechdotedu':'Georgia Institute of Technology',
	'gbcdotedu':'Goldey-Beacom College',
	'geneseodotedu':'State University of New York Geneseo',
	'genevadotedu':'Geneva College',
	'georgetowndotedu':'Georgetown University',
	'georgiandotedu':'Georgian Court University',
	'gettysburgdotedu':'Gettysburg College',
	'ggudotedu':'Golden Gate University',
	'glenvilledotedu':'Glenville State College',
	'globaluniversitydotedu':'Global University',
	'gmudotedu':'George Mason University',
	'gonzagadotedu':'Gonzaga University',
	'goshendotedu':'Goshen College',
	'goucherdotedu':'Goucher College',
	'gracedotedu':'Grace College & Theological Seminary in Indiana',
	'gracelanddotedu':'Graceland University',
	'greenleafdotedu':'Greenleaf University Online Degree Programs',
	'gsudotedu':'Georgia State University',
	'guilforddotedu':'Guilford College',
	'gvsudotedu':'Grand Valley State University',
	'gwudotedu':'The George Washington University',
	'hamiltondotedu':'Hamilton College',
	'hamlinedotedu':'Hamline University',
	'hampshiredotedu':'Hampshire College',
	'hamptonudotedu':'Hampton University',
	'hanoverdotedu':'Hanover College',
	'hardingdotedu':'Harding University',
	'hartforddotedu':'University of Hartford',
	'hartwickdotedu':'Hartwick College',
	'harvarddotedu':'Harvard University',
	'haskelldotedu':'Haskell Indian Nations University',
	'hastingsdotedu':'Hastings College',
	'haverforddotedu':'Haverford College',
	'hawaiidotedu':'University of Hawaii System',
	'heidelbergdotedu':'Heidelberg University',
	'hendrixdotedu':'Hendrix College',
	'hesstondotedu':'Hesston College',
	'highpointdotedu':'High Point University',
	'hillsdaledotedu':'Hillsdale College',
	'hiramdotedu':'Hiram College',
	'hmcdotedu':'Harvey Mudd College',
	'hofstradotedu':'Hofstra University',
	'hollinsdotedu':'Hollins University',
	'holycrossdotedu':'College of the Holy Cross',
	'hooddotedu':'Hood College',
	'hopedotedu':'Hope College',
	'howarddotedu':'Howard University',
	'hpudotedu':'Hawaii Pacific University',
	'hscdotedu':'Hampden-Sydney College',
	'hscdotuntdotedu':'University of North Texas Health Science Center',
	'humboldtdotedu':'Humboldt State University',
	'hunterdotcunydotedu':'Hunter College',
	'huntingdondotedu':'Huntingdon College',
	'hwsdotedu':'Hobart and William Smith Colleges',
	'iastatedotedu':'Iowa State University',
	'ibcdotedu':'Illinois Benedictine College',
	'icidotedu':'ICI University',
	'iitdotedu':'Illinois Institute of Technology',
	'illinoisstatedotedu':'Illinois State University',
	'ilstudotedu':'Illinois State University',
	'indianadotedu':'Indiana University',
	'indstatedotedu':'Indiana State University',
	'indwesdotedu':'Indiana Wesleyan University',
	'ionadotedu':'Iona College',
	'isudotedu':'Idaho State University',
	'ithacadotedu':'Ithaca College',
	'iupdotedu':'Indiana University of Pennsylvania',
	'iupuidotedu':'Indiana University-Purdue University Indianapolis',
	'jbudotedu':'John Brown University',
	'jcdotedu':'University of Jamestown',
	'jcsudotedu':'Johnson C. Smith University',
	'jeffersondotedu':'Thomas Jefferson University',
	'jewelldotedu':'William Jewell College',
	'jfkudotedu':'John F. Kennedy University',
	'jhudotedu':'Johns Hopkins University',
	'jmudotedu':'James Madison University',
	'jonesdotedu':'Jones College',
	'jsudotedu':'Jacksonville State University',
	'jsumsdotedu':'Jackson State University',
	'jtsadotedu':'The Jewish Theological Seminary',
	'judotedu':'Jacksonville University',
	'judsondotedu':'Judson College',
	'juniatadotedu':'Juniata College',
	'jwudotedu':'Johnson & Wales University',
	'kaplanuniversitydotedu':'Kaplan University',
	'kcumbdotedu':'Kansas City University of Medicine and Biosciences',
	'keandotedu':'Kean University',
	'keenedotedu':'Keene State College',
	'kentdotedu':'Kent State University',
	'kenyondotedu':'Kenyon College',
	'kingsdotedu':'King\'s College',
	'knoxdotedu':'Knox College',
	'ksudotedu':'Kansas State University',
	'kudotedu':'The University of Kansas',
	'kumcdotedu':'University of Kansas Medical Center',
	'kutztowndotedu':'Kutztown University',
	'kvctcdotedu':'Kanawha Valley Community and Technical College',
	'kwudotedu':'Kansas Wesleyan University',
	'kzoodotedu':'Kalamazoo College',
	'lacollegedotedu':'Louisiana College',
	'lafayettedotedu':'Lafayette College',
	'lamardotedu':'Lamar University',
	'langstondotedu':'Langston University',
	'lasalledotedu':'La Salle University',
	'lasierradotedu':'La Sierra University',
	'latechdotedu':'Louisiana Tech University',
	'lawrencedotedu':'Lawrence University',
	'lclarkdotedu':'Lewis & Clark',
	'lcscdotedu':'Lewis-Clark State College',
	'lehighdotedu':'Lehigh University',
	'lemoynedotedu':'Le Moyne College',
	'letudotedu':'LeTourneau University',
	'lewisudotedu':'Lewis University',
	'lfcdotedu':'Lake Forest College',
	'lhupdotedu':'Lock Haven University',
	'libertydotedu':'Liberty University Christian College Education',
	'lincolndotedu':'The Lincoln University',
	'linfielddotedu':'Linfield College',
	'linnbentondotedu':'Linn-Benton Community College',
	'liunetdotedu':'Long Island University',
	'lludotedu':'Loma Linda University',
	'lmudotedu':'Loyola Marymount University',
	'lorasdotedu':'Loras College',
	'louisvilledotedu':'University of Louisville',
	'loyoladotedu':'Loyola University Maryland',
	'lscdotvscdotedu':'Lyndon State College, Vermont',
	'lssudotedu':'Lake Superior State University',
	'lsudotedu':'Louisiana State University',
	'lsuadotedu':'Louisiana State University at Alexandria',
	'ltudotedu':'Lawrence Technological University',
	'lucdotedu':'Loyola University Chicago',
	'lunetdotedu':'Langston University',
	'lutherdotedu':'Luther College',
	'luthersemdotedu':'Luther Seminary',
	'lvcdotedu':'Lebanon Valley College',
	'lwtechdotedu':'Lake Washington Institute of Technology',
	'lycomingdotedu':'Lycoming College',
	'lynchburgdotedu':'Lynchburg College',
	'lyondotedu':'Lyon College',
	'macalesterdotedu':'Macalester College',
	'mainedotedu':'University of Maine System',
	'malonedotedu':'Malone University',
	'mancoldotedu':'Manhattan College',
	'mariettadotedu':'Marietta College',
	'maristdotedu':'Marist College',
	'marlborodotedu':'Marlboro College',
	'marshalldotedu':'Marshall University',
	'marymountdotedu':'Marymount University',
	'massachusettsdotedu':'University of Massachusetts',
	'mbcdotedu':'Mary Baldwin College',
	'mcdotedu':'Mississippi College',
	'mcaddotedu':'Minneapolis College of Art and Design',
	'mcneesedotedu':'McNeese State University',
	'mctcdotedu':'Mountwest Community & Technical College',
	'mcwdotedu':'Medical College of Wisconsin',
	'memphisdotedu':'The University of Memphis',
	'mercydotedu':'Mercy College',
	'meredithdotedu':'Meredith College',
	'messiahdotedu':'Messiah College',
	'miamidotedu':'University of Miami',
	'middleburydotedu':'Middlebury College',
	'millersvilledotedu':'Millersville University',
	'millikindotedu':'Millikin University',
	'millsapsdotedu':'Millsaps College',
	'minotstateudotedu':'Minot State University',
	'missouridotedu':'University of Missouri',
	'misudotnodakdotedu':'Minot State University',
	'mitdotedu':'Massachusetts Institute of Technology',
	'mnsflddotedu':'Mansfield University of Pennsylvania',
	'molloydotedu':'Molloy College',
	'monmdotedu':'Monmouth College',
	'monmouthdotedu':'Monmouth University',
	'montanadotedu':'Montana State University',
	'montclairdotedu':'Montclair State University',
	'montereydotedu':'California State University, Monterey Bay',
	'montreatdotedu':'Montreat College',
	'moraviandotedu':'Moravian College',
	'morgandotedu':'Morgan State University',
	'mrsdotumndotedu':'University of Minnesota, Morris',
	'msjnetdotedu':'Mount Saint Joseph High School',
	'msmcdotedu':'Mount Saint Mary College, Newburgh',
	'msoedotedu':'Milwaukee School of Engineering',
	'msstatedotedu':'Mississippi State University',
	'mssudotedu':'Missouri Southern State University',
	'msudotedu':'Michigan State University',
	'msubillingsdotedu':'Montana State University Billings',
	'mtechdotedu':'Montana Tech of the University of Montana',
	'mtholyokedotedu':'Mount Holyoke College',
	'mtsudotedu':'Middle Tennessee State University',
	'mtudotedu':'Michigan Technological University',
	'mudotedu':'Marquette University',
	'mumdotedu':'Maharishi University of Management',
	'muohiodotedu':'Miami University',
	'muskingumdotedu':'Muskingum University',
	'muwdotedu':'Mississippi University for Women',
	'mwsudotedu':'Midwestern State University',
	'naudotedu':'Northern Arizona University',
	'nazdotedu':'Nazareth College',
	'ncatdotedu':'North Carolina A&T State University',
	'ncbcdotedu':'North Central University',
	'nccudotedu':'North Carolina Central University',
	'ncsudotedu':'North Carolina State University',
	'ncwcdotedu':'North Carolina Wesleyan College',
	'nddotedu':'University of Notre Dame',
	'ndsudotedu':'North Dakota State University',
	'ndudotedu':'National Defense University',
	'newberrydotedu':'Newberry College',
	'newcollegedotedu':'New College of California',
	'newhavendotedu':'University of New Haven',
	'newpaltzdotedu':'State University of New York at New Paltz',
	'niagaradotedu':'Niagara University',
	'niudotedu':'Northern Illinois University',
	'njitdotedu':'New Jersey Institute of Technology',
	'nkudotedu':'Northern Kentucky University',
	'nldotedu':'National Louis University',
	'nmhudotedu':'New Mexico Highlands University',
	'nmsudotedu':'New Mexico State University',
	'nmtdotedu':'New Mexico Institute of Mining and Technology',
	'nmudotedu':'Northern Michigan University',
	'northeasterndotedu':'Northeastern University',
	'northerndotedu':'Northern State University',
	'northlanddotedu':'Northland College',
	'norwichdotedu':'Norwich University',
	'novadotedu':'Nova Southeastern University',
	'nsudotedu':'Norfolk State University',
	'nsuladotedu':'Northwestern State University of Louisiana',
	'nsuokdotedu':'Northeastern State University',
	'ntudotedu':'Walden University',
	'nudotedu':'National University',
	'nwciowadotedu':'Northwestern College',
	'nwmissouridotedu':'Northwest Missouri State University',
	'nyitdotedu':'New York Institute of Technology',
	'nyudotedu':'New York University',
	'oaklanddotedu':'Oakland University',
	'oberlindotedu':'Oberlin College & Conservatory',
	'odudotedu':'Old Dominion University',
	'ogidotedu':'Oregon Health & Science University',
	'ohio-statedotedu':'The Ohio State University',
	'ohioudotedu':'Ohio University',
	'ohsudotedu':'Oregon Health & Science University',
	'okbudotedu':'Oklahoma Baptist University',
	'okcudotedu':'Oklahoma City University',
	'okstatedotedu':'Oklahoma State University',
	'olemissdotedu':'University of Mississippi',
	'olivetdotedu':'Olivet Nazarene University',
	'ollusadotedu':'Our Lady of the Lake University',
	'onudotedu':'Ohio Northern University',
	'oregonstatedotedu':'Oregon State University',
	'orstdotedu':'Oregon State University',
	'orudotedu':'Oral Roberts University',
	'osudotedu':'The Ohio State University',
	'oswegodotedu':'State University of New York At Oswego',
	'otterbeindotedu':'Otterbein University',
	'owudotedu':'Ohio Wesleyan University',
	'oxydotedu':'Occidental College',
	'ozarksdotedu':'University of the Ozarks',
	'pacedotedu':'Pace University',
	'pacificudotedu':'Pacific University',
	'panamdotedu':'The University of Texas-Pan American',
	'pccidotedu':'Pensacola Christian College',
	'pdxdotedu':'Portland State University',
	'peacedotedu':'William Peace University',
	'pepperdinedotedu':'Pepperdine University',
	'perudotedu':'Peru State College',
	'phillipsdotedu':'Phillips University',
	'phoenixdotedu':'University of Phoenix',
	'pierpontdotedu':'Pierpont Community & Technical College',
	'pittdotedu':'University of Pittsburgh',
	'pittstatedotedu':'Pittsburg State University',
	'pitzerdotedu':'Pitzer College',
	'plattdotedu':'Platt College',
	'plattsburghdotedu':'State University of New York Plattsburgh',
	'pludotedu':'Pacific Lutheran University',
	'plymouthdotedu':'Plymouth State University',
	'polydotedu':'NYU Polytechnic School of Engineering',
	'pomonadotedu':'Pomona College',
	'potomacstatecollegedotedu':'Potomac State College',
	'potsdamdotedu':'The State University of New York at Potsdam',
	'prattdotedu':'Pratt Institute',
	'presbydotedu':'Presbyterian College',
	'princetondotedu':'Princeton University',
	'providencedotedu':'Providence College',
	'psudotedu':'Pennsylvania State University',
	'pucdotedu':'Pacific Union College',
	'puprdotedu':'Polytechnic University of Puerto Rico',
	'purduedotedu':'Purdue University',
	'pvamudotedu':'Prairie View A&M University',
	'quincydotedu':'Quincy University',
	'quinnipiacdotedu':'Quinnipiac University Connecticut',
	'radforddotedu':'Radford University',
	'ramapodotedu':'Ramapo College of New Jersey',
	'reeddotedu':'Reed College',
	'regentdotedu':'Regent University',
	'regisdotedu':'Regis University',
	'rhodesdotedu':'Rhodes College',
	'ricdotedu':'Rhode Island College',
	'ricedotedu':'Rice University',
	'riderdotedu':'Rider University',
	'ripondotedu':'Ripon College',
	'ritdotedu':'Rochester Institute of Technology',
	'rmcdotedu':'Randolph-Macon College',
	'roanokedotedu':'Roanoke College',
	'rochesterdotedu':'University of Rochester',
	'udotrochesterdotedu':'University of Rochester',
	'rockefellerdotedu':'The Rockefeller University',
	'rockforddotedu':'Rockford University',
	'rockhurstdotedu':'Rockhurst University',
	'rockydotedu':'Rocky Mountain College',
	'rollinsdotedu':'Rollins College',
	'rose-hulmandotedu':'Rose-Hulman Institute of Technology',
	'rowandotedu':'Rowan University',
	'rpidotedu':'Rensselaer Polytechnic Institute',
	'runetdotedu':'Radford University',
	'rutgersdotedu':'Rutgers, The State University of New Jersey',
	'rwudotedu':'Roger Williams University',
	'sacredheartdotedu':'Sacred Heart University Connecticut',
	'sagedotedu':'The Sage Colleges',
	'saintjoedotedu':'Saint Joseph\'s College (Indiana)',
	'saintmarysdotedu':'Saint Mary\'s College',
	'samforddotedu':'Samford University',
	'sapcdotedu':'St. Andrews University',
	'saudotedu':'St. Ambrose University',
	'sbcdotedu':'Sweet Briar College',
	'sbudotedu':'St. Bonaventure University',
	'sbunivdotedu':'Southwest Baptist University',
	'scdotedu':'University of South Carolina',
	'sctdotedu':'Southern Polytechnic State University',
	'scudotedu':'Santa Clara University',
	'scusddotedu':'Sacramento City Unified School District',
	'sdsmtdotedu':'South Dakota School of Mines and Technology',
	'sdstatedotedu':'South Dakota State University',
	'sdsudotedu':'San Diego State University',
	'seattleudotedu':'Seattle University',
	'seludotedu':'Southeastern Louisiana University',
	'semodotedu':'Southeast Missouri State University',
	'sewaneedotedu':'Sewanee',
	'sfasudotedu':'Stephen F. Austin State University',
	'sfcpadotedu':'Saint Francis University, Pennsylvania',
	'sfsudotedu':'San Francisco State University',
	'shawneedotedu':'Shawnee State University',
	'shcdotedu':'Spring Hill College',
	'shipdotedu':'Shippensburg University',
	'shorterdotedu':'Shorter University',
	'shsudotedu':'Sam Houston State University',
	'shudotedu':'Seton Hall University',
	'simmonsdotedu':'Simmons College',
	'simons-rockdotedu':'Bard College at Simon\'s Rock',
	'simpsondotedu':'Simpson College',
	'siudotedu':'Southern Illinois University',
	'siuedotedu':'Southern Illinois University Edwardsville',
	'sjcdotedu':'St. John\'s College',
	'sjcadotedu':'St. John\'s College',
	'sjcmedotedu':'Saint Joseph\'s College of Maine',
	'sjcsfdotedu':'St. John\'s College',
	'sjsudotedu':'San Jose State University',
	'sjudotedu':'Saint Joseph\'s University',
	'skcdotedu':'Salish Kootenai College',
	'skidmoredotedu':'Skidmore College',
	'sldotpsudotedu':'Penn State Schuylkill',
	'slcdotedu':'Sarah Lawrence College',
	'sludotedu':'Saint Louis University',
	'smcvtdotedu':'Saint Michael\'s College',
	'smithdotedu':'Smith College',
	'smsudotedu':'Southwest Minnesota State University',
	'smudotedu':'Southern Methodist University',
	'smumndotedu':'Saint Mary\'s University of Minnesota',
	'snhudotedu':'Southern New Hampshire University',
	'snudotedu':'Southern Nazarene University',
	'sonomadotedu':'Sonoma State University',
	'southerndotedu':'Southern Adventist University',
	'southernwvdotedu':'Southern West Virginia Community and Technical College',
	'southwesterndotedu':'Southwestern University',
	'spudotedu':'Seattle Pacific University',
	'srudotedu':'Slippery Rock University',
	'stanforddotedu':'Stanford University',
	'stcldotedu':'South Texas College of Law',
	'stedwardsdotedu':'St. Edward\'s University',
	'stephensdotedu':'Stephens College',
	'stetsondotedu':'Stetson University',
	'stevens-techdotedu':'Stevens Institute of Technology',
	'stfrancisdotedu':'University of St. Francis',
	'stjohnsdotedu':'St. John\'s University',
	'stkatedotedu':'St. Catherine University',
	'stlawudotedu':'St. Lawrence University',
	'stlcopdotedu':'St. Louis College of Pharmacy',
	'stmartindotedu':'Saint Martin\'s University',
	'stmarys-cadotedu':'Saint Mary\'s College of California',
	'stocktondotedu':'Stockton College',
	'stolafdotedu':'St. Olaf College',
	'strayerdotedu':'Strayer University',
	'strosedotedu':'The College of Saint Rose',
	'stthomdotedu':'University of St. Thomas',
	'stthomasdotedu':'University of St. Thomas',
	'studotedu':'Saint Thomas University',
	'stvincentdotedu':'Saint Vincent College',
	'sudotedu':'Shenandoah University',
	'subrdotedu':'Southern University and Agricultural and Mechanical College',
	'suffolkdotedu':'Suffolk University',
	'sulrossdotedu':'Sul Ross State University',
	'sunyitdotedu':'State University of New York Institute of Technology',
	'sunysbdotedu':'Stony Brook University',
	'susqudotedu':'Susquehanna University',
	'suudotedu':'Southern Utah University',
	'svsudotedu':'Saginaw Valley State University',
	'swarthmoredotedu':'Swarthmore College',
	'sxudotedu':'Saint Xavier University',
	'syrdotedu':'Syracuse University',
	't-birddotedu':'Thunderbird School of Global Management',
	'tabordotedu':'Tabor College',
	'taftdotedu':'William Howard Taft University',
	'taftudotedu':'Taft University System',
	'tamiudotedu':'Texas A&M International University',
	'tamudotedu':'Texas A&M University',
	'tamuccdotedu':'Texas A&M University Corpus Christi',
	'tarletondotedu':'Tarleton State University',
	'taylorudotedu':'Taylor University',
	'tcdotcolumbiadotedu':'Teachers College Columbia University',
	'tcudotedu':'Texas Christian University',
	'templedotedu':'Temple University',
	'tescdotedu':'Thomas Edison State College',
	'thecoodotedu':'University of Sioux Falls',
	'thomasdotedu':'Thomas College',
	'thomasmoredotedu':'Thomas More College',
	'tjudotedu':'Thomas Jefferson University',
	'tnstatedotedu':'Tennessee State University',
	'tntechdotedu':'Tennessee Technological University',
	'towsondotedu':'Towson University',
	'transydotedu':'Transylvania University',
	'trincolldotedu':'Trinity College',
	'trinitydotedu':'Trinity University',
	'trumandotedu':'Truman State University',
	'tsudotedu':'Texas Southern University',
	'ttudotedu':'Texas Tech University',
	'ttuhscdotedu':'Texas Tech University Health Sciences Center',
	'tuftsdotedu':'Tufts University',
	'tuidotedu':'Union Institute & University',
	'tulanedotedu':'Tulane University',
	'twudotedu':'Texas Woman\'s University',
	'uadotedu':'The University of Alabama',
	'uaadotalaskadotedu':'University of Alaska Anchorage',
	'uabdotedu':'The University of Alabama at Birmingham',
	'uahdotedu':'The University of Alabama in Huntsville',
	'uakrondotedu':'The University of Akron',
	'ualrdotedu':'University of Arkansas at Little Rock',
	'uamontdotedu':'University of Arkansas at Monticello',
	'uamsdotedu':'University of Arkansas for Medical Sciences',
	'uarkdotedu':'University of Arkansas',
	'ubaltdotedu':'The University of Baltimore',
	'ucdotedu':'University of Cincinnati',
	'ucadotedu':'University of Central Arkansas',
	'uccsdotedu':'University of Colorado Colorado Springs',
	'ucdavisdotedu':'University of California, Davis',
	'ucfdotedu':'University of Central Florida',
	'uchicagodotedu':'The University of Chicago',
	'ucidotedu':'University of California, Irvine',
	'ucladotedu':'University of California, Los Angeles',
	'ucmodotedu':'University of Central Missouri',
	'uconndotedu':'University of Connecticut',
	'ucrdotedu':'University of California, Riverside',
	'ucsbdotedu':'University of California, Santa Barbara',
	'ucscdotedu':'University of California, Santa Cruz',
	'ucsddotedu':'University of California, San Diego',
	'ucsfdotedu':'University of California, San Francisco',
	'udallasdotedu':'University of Dallas',
	'udaytondotedu':'University of Dayton',
	'udcdotedu':'University of the District of Columbia',
	'udeldotedu':'University of Delaware',
	'udmercydotedu':'University of Detroit Mercy',
	'ufldotedu':'University of Florida',
	'ugadotedu':'University Of Georgia',
	'ugfdotedu':'University of Great Falls',
	'uhdotedu':'University of Houston',
	'uhhdothawaiidotedu':'University of Hawaii at Hilo',
	'uicdotedu':'University of Illinois at Chicago',
	'uidahodotedu':'University of Idaho',
	'uindydotedu':'University of Indianapolis',
	'uiowadotedu':'The University of Iowa',
	'uiudotedu':'Upper Iowa University',
	'uiucdotedu':'University of Illinois at Urbana-Champaign',
	'ukydotedu':'University of Kentucky',
	'umassdotedu':'University of Massachusetts Amherst',
	'umassddotedu':'University of Massachusetts Dartmouth',
	'umasspdotedu':'University of Massachusetts',
	'umbcdotedu':'University of Maryland, Baltimore County',
	'umcdotedu':'University of Mississippi Medical Center',
	'umddotedu':'University of Maryland',
	'umddotumichdotedu':'University of Michigan-Dearborn',
	'umfdotmainedotedu':'University of Maine Farmington',
	'umfkdotmainedotedu':'University of Maine at Fort Kent',
	'umichdotedu':'University of Michigan',
	'umkcdotedu':'University of Missouri, Kansas City',
	'umldotedu':'University of Massachusetts, Lowell',
	'ummdotmainedotedu':'University of Maine at Machias',
	'umndotedu':'University of Minnesota',
	'umsldotedu':'University of Missouri-St. Louis',
	'umsmeddotedu':'University of Mississippi Medical Center',
	'umtdotedu':'University of Montana',
	'umucdotedu':'University of Maryland University College',
	'uncdotedu':'The University of North Carolina at Chapel Hill',
	'uncadotedu':'The University of North Carolina at Asheville',
	'unccdotedu':'The University of North Carolina at Charlotte',
	'uncgdotedu':'The University of North Carolina at Greensboro',
	'uncwdotedu':'The University of North Carolina at Wilmington',
	'unddotedu':'The University of North Dakota',
	'unedotedu':'University of New England',
	'unfdotedu':'University of North Florida',
	'unhdotedu':'University of New Hampshire',
	'unidotedu':'University of Northern Iowa',
	'uniondotedu':'Union College',
	'univnorthcodotedu':'University of Northern Colorado',
	'unkdotedu':'University of Nebraska at Kearney',
	'unldotedu':'University of Nebraska-Lincoln',
	'unlvdotedu':'University of Nevada, Las Vegas',
	'unmdotedu':'The University of New Mexico',
	'unodotedu':'University of New Orleans',
	'unomahadotedu':'University of Nebraska Omaha',
	'unrdotedu':'University of Nevada, Reno',
	'untdotedu':'University of North Texas',
	'uofsdotedu':'The University of Scranton',
	'uogdotedu':'University of Guam',
	'uopdotedu':'University of the Pacific',
	'uoregondotedu':'University of Oregon',
	'upenndotedu':'University of Pennsylvania',
	'upsdotedu':'University of Puget Sound',
	'uridotedu':'University of Rhode Island',
	'urichdotedu':'University of Richmond',
	'ursinusdotedu':'Ursinus College',
	'usaodotedu':'University of Science and Arts of Oklahoma',
	'uscdotedu':'University of Southern California',
	'usddotedu':'The University of South Dakota',
	'usfdotedu':'University of South Florida',
	'usfcadotedu':'University of San Francisco',
	'usgdotedu':'University System of Georgia',
	'usidotedu':'University of Southern Indiana',
	'usiudotedu':'Alliant International University',
	'usmdotedu':'The University of Southern Mississippi',
	'usmdotmainedotedu':'University of Southern Maine',
	'usmadotedu':'West Point',
	'usmmadotedu':'U.S. Merchant Marine Academy',
	'usouthaldotedu':'University of South Alabama',
	'usudotedu':'Utah State University',
	'utadotedu':'The University of Texas at Arlington',
	'utahdotedu':'The University of Utah',
	'utampadotedu':'The University of Tampa',
	'utbdotedu':'The University of Texas at Brownsville',
	'utdallasdotedu':'The University of Texas at Dallas',
	'utepdotedu':'The University of Texas at El Paso',
	'utexasdotedu':'The University of Texas at Austin',
	'uthdotedu':'The University of Texas Health Science Center',
	'uthctdotedu':'UT Health Northeast',
	'uthscsadotedu':'The University of Texas Health Science Center at San Antonio',
	'utkdotedu':'The University of Tennessee, Knoxville',
	'utmdotedu':'The University of Tennessee at Martin',
	'utmbdotedu':'The University of Texas Medical Branch',
	'utoledodotedu':'The University of Toledo',
	'utsadotedu':'The University of Texas at San Antonio',
	'utsystemdotedu':'University of Texas System',
	'utulsadotedu':'University of Tulsa',
	'uudotedu':'Union University',
	'uvidotedu':'University of the Virgin Islands',
	'uvmdotedu':'The University of Vermont',
	'uwadotedu':'The University of West Alabama',
	'uwecdotedu':'University of Wisconsin-Eau Claire',
	'uwfdotedu':'University of West Florida',
	'uwgbdotedu':'University of Wisconsin, Green Bay',
	'uwlaxdotedu':'University of Wisconsin, La Crosse',
	'uwmdotedu':'University of Wisconsin, Milwaukee',
	'uwoshdotedu':'University of Wisconsin, Oshkosh',
	'uwpdotedu':'University Of Wisconsin, Parkside',
	'uwplattdotedu':'University of Wisconsin, Platteville',
	'uwrfdotedu':'University of Wisconsin, River Falls',
	'uwsadotedu':'University of Wisconsin, Madison',
	'uwspdotedu':'University of Wisconsin, Stevens Point',
	'uwstoutdotedu':'University of Wisconsin, Stout',
	'uwsuperdotedu':'University of Wisconsin, Superior',
	'uwwdotedu':'University of Wisconsin, Whitewater',
	'uwyodotedu':'University of Wyoming',
	'valpodotedu':'Valparaiso University',
	'vancouverdotwsudotedu':'Washington State University Vancouver',
	'vanderbiltdotedu':'Vanderbilt University',
	'vassardotedu':'Vassar College',
	'vcudotedu':'Virginia Commonwealth University',
	'vicdotedu':'Virginia Intermont College',
	'virginiadotedu':'The University of Virginia',
	'vmidotedu':'Virginia Military Institute',
	'vsudotedu':'Virginia State University',
	'vtdotedu':'Virginia Tech',
	'vtcdotvscdotedu':'Vermont Tech',
	'vwcdotedu':'Virginia Wesleyan College',
	'wabashdotedu':'Wabash College',
	'waldenudotedu':'Walden University',
	'warren-wilsondotedu':'Warren Wilson College',
	'wartburgdotedu':'Wartburg College',
	'washcolldotedu':'Washington College',
	'washingtondotedu':'University of Washington',
	'waynedotedu':'Wayne State University',
	'wcslcdotedu':'Westminster College in Salt Lake City, Utah',
	'wcudotedu':'Western Carolina University',
	'wcupadotedu':'West Chester University',
	'weberdotedu':'Weber State University',
	'websterunivdotedu':'Webster University',
	'wellesleydotedu':'Wellesley College',
	'wellsdotedu':'Wells College',
	'wesleydotedu':'Wesley College',
	'wesleyandotedu':'Wesleyan University',
	'westaldotedu':'The University of West Alabama',
	'westgadotedu':'The University of West Georgia',
	'westminster-modotedu':'Westminster College',
	'westminsterdotedu':'Westminster College',
	'westmontdotedu':'Westmont College',
	'wfudotedu':'Wake Forest University',
	'wheatondotedu':'Wheaton College',
	'wheatonmadotedu':'Wheaton College, Norton, Massachusetts',
	'whitmandotedu':'Whitman College',
	'whittierdotedu':'Whittier College',
	'whitworthdotedu':'Whitworth University',
	'widenerdotedu':'Widener University',
	'wilberforcedotedu':'Wilberforce University',
	'wilkesdotedu':'Wilkes University',
	'willamettedotedu':'Willamette University',
	'williamsdotedu':'Williams College',
	'wilmingtondotedu':'Wilmington College of Ohio',
	'winthropdotedu':'Winthrop University',
	'wiscdotedu':'University of Wisconsin-Madison',
	'witdotedu':'Wentworth Institute of Technology',
	'wittenbergdotedu':'Wittenberg University',
	'wiudotedu':'Western Illinois University',
	'wkudotedu':'Western Kentucky University',
	'wludotedu':'Washington and Lee University',
	'wmdotedu':'The College of William & Mary',
	'wmichdotedu':'Western Michigan University',
	'wmitchelldotedu':'William Mitchell College of Law',
	'wmpenndotedu':'William Penn University',
	'wnmudotedu':'Western New Mexico University',
	'wofforddotedu':'Wofford College',
	'woosterdotedu':'The College of Wooster',
	'wpidotedu':'Worcester Polytechnic Institute',
	'wrightdotedu':'Wright State University',
	'wscdotmassdotedu':'Westfield State University',
	'wsudotedu':'Washington State University',
	'wtamudotedu':'West Texas A&M University',
	'wtsdotedu':'Westminster Theological Seminary',
	'wustldotedu':'Washington University in St. Louis',
	'wvnetdotedu':'West Virginia Network for Educational Telecomputing',
	'wvsomdotedu':'West Virginia School of Osteopathic Medicine',
	'wvudotedu':'West Virginia University',
	'wwudotedu':'Western Washington University',
	'xuladotedu':'Xavier University of Louisiana',
	'yaledotedu':'Yale University',
	'ycpdotedu':'York College of Pennsylvania',
	'ysudotedu':'Youngstown State University',
	'yudotedu':'Yeshiva University',